[
     
      
        {
          "state": "Andhra Pradesh",
          "cities": [
            "Anantapur",
    "Chittoor",
    "East Godavari",
    "Guntur",
    "Krishna",
    "Kurnool",
    "Prakasam",
    "Srikakulam",
    "Vizianagaram",
    "Visakhapatnam",
    "West Godavari",
    "YSR Kadapa",
    "Nellore",
    "Annamayya",
    "Bapatla",
    "Rajamahendravaram",
    "Peddapalli",
    "Sri Potti Sriramulu Nellore",
    "West Godavari",
    "Kakinada",
    "Srikalahasti",
    "Chilakaluripet",
    "Peddapalli",
            "Others"
          ]
        },
        {
          "state": "Arunachal Pradesh",
          "cities": [
            "Tawang",
    "West Kameng",
    "East Kameng",
    "Papum Pare",
    "Lower Subansiri",
    "Kurung Kumey",
    "Kra Daadi",
    "Upper Subansiri",
    "West Siang",
    "East Siang",
    "Siang",
    "Lower Siang",
    "Changlang",
    "Tirap",
    "Longding",
    "Anjaw",
    "Lohit",
    "Namsai",
    "Itaigarh",
    "Kamle",
            "Others"
          ]
        },
        {
          "state": "Assam",
          "cities": [
            "Baksa",
    "Barpeta",
    "Biswanath",
    "Bongaigaon",
    "Cachar",
    "Charaideo",
    "Chirang",
    "Darrang",
    "Dhemaji",
    "Dibrugarh",
    "Goalpara",
    "Golaghat",
    "Hailakandi",
    "Hamren",
    "Jorhat",
    "Kamrup",
    "Kamrup Metropolitan",
    "Karbi Anglong",
    "Karimganj",
    "Kokrajhar",
    "Lakhimpur",
    "Majuli",
    "Morigaon",
    "Nagaon",
    "Nalbari",
    "Sivasagar",
    "Sonitpur",
    "South Salmara-Mankachar",
    "Tinsukia",
    "Udalguri",
    "West Karbi Anglong",
            "Others"
          ]
        },
        {
          "state": "Bihar",
          "cities": [
            "Araria",
    "Arwal",
    "Aurangabad",
    "Banka",
    "Begusarai",
    "Bhagalpur",
    "Buxar",
    "Darbhanga",
    "East Champaran",
    "Gaya",
    "Gopalganj",
    "Jamui",
    "Jehanabad",
    "Kaimur",
    "Katihar",
    "Khagaria",
    "Kishanganj",
    "Lakhisarai",
    "Madhepura",
    "Madhubani",
    "Munger",
    "Muzaffarpur",
    "Nalanda",
    "Nawada",
    "Patna",
    "Purnia",
    "Rohtas",
    "Saharsa",
    "Samastipur",
    "Saran",
    "Sheikhpura",
    "Sheohar",
    "Sitamarhi",
    "Siwan",
    "Supaul",
    "Vaishali",
    "West Champaran",
            "Others"
          ]
        },
        {
          "state": "Chhattisgarh",
          "cities": [
            "Balod",
    "Baloda Bazar",
    "Balrampur",
    "Bastar",
    "Bemetara",
    "Bijapur",
    "Bilaspur",
    "Dantewada",
    "Dhamtari",
    "Durg",
    "Gariaband",
    "Gaurella-Pendra-Marwahi",
    "Janjgir-Champa",
    "Jashpur",
    "Kabeerdham",
    "Kondagaon",
    "Korba",
    "Koriya",
    "Mahasamund",
    "Mungeli",
    "Narayanpur",
    "Raigarh",
    "Raipur",
    "Rajnandgaon",
    "Sarguja",
    "Surajpur",
    "Surguja",
            "Others"
          ]
        },
        
        {
          "state": "Delhi(union territory)"
          
        },
        {
          "state": "Goa",
          "cities": [
            "North Goa",
    "South Goa"
          ]
        },
        
        {
          "state": "Gujarat",
          "cities": [
            "Ahmedabad",
    "Amreli",
    "Anand",
    "Aravalli",
    "Banaskantha",
    "Bharuch",
    "Bhavnagar",
    "Botad",
    "Chhota Udepur",
    "Dahod",
    "Dang",
    "Devbhoomi Dwarka",
    "Gandhinagar",
    "Gir Somnath",
    "Jamnagar",
    "Junagadh",
    "Kheda",
    "Kutch",
    "Mahisagar",
    "Mehsana",
    "Morbi",
    "Narmada",
    "Navsari",
    "Panchmahal",
    "Patan",
    "Porbandar",
    "Rajkot",
    "Sabarkantha",
    "Surat",
    "Surendranagar",
    "Tapi",
    "Vadodara",
    "Valsad",
    "Others"
          ]
        },
        
        {
          "state": "Haryana",
          "cities": [
            "Ambala",
    "Bhiwani",
    "Charkhi Dadri",
    "Faridabad",
    "Fatehabad",
    "Gurugram",
    "Hisar",
    "Jind",
    "Kaithal",
    "Karnal",
    "Kurukshetra",
    "Mahendragarh",
    "Mewat",
    "Palwal",
    "Panchkula",
    "Panipat",
    "Rewari",
    "Rohtak",
    "Sirsa",
    "Sonipat",
    "Yamunanagar",
            "Others"
          ]
        },
        
        {
          "state": "Himachal Pradesh",
          "cities": [
            "Bilaspur",
    "Chamba",
    "Hamirpur",
    "Kangra",
    "Kullu",
    "Mandi",
    "Shimla",
    "Sirmaur",
    "Solan",
    "Una",
    "Kinnaur",
    "Lahaul and Spiti",
    "Reckong Peo",
            "Others"
          ]
        },
        
        {
          "state": "Jharkhand",
          "cities": [
            "Bokaro",
    "Chatra",
    "Deoghar",
    "Dhanbad",
    "Dumka",
    "East Singhbhum",
    "Garhwa",
    "Giridih",
    "Godda",
    "Hazaribagh",
    "Jamtara",
    "Khunti",
    "Koderma",
    "Latehar",
    "Lohardaga",
    "Pakur",
    "Palamu",
    "Ramgarh",
    "Ranchi",
    "Sahibganj",
    "Seraikela Kharsawan",
    "Simdega",
    "West Singhbhum",
            "Others"
          ]
        },
        
        {
          "state": "Karnataka",
          "cities": [
            "Bagalkot",
    "Bangalore Rural",
    "Bangalore Urban",
    "Belagavi",
    "Bellary",
    "Bidar",
    "Chamarajanagar",
    "Chikballapur",
    "Chikkamagaluru",
    "Chitradurga",
    "Dakshina Kannada",
    "Davangere",
    "Dharwad",
    "Gadag",
    "Hassan",
    "Haveri",
    "Kodagu",
    "Kolar",
    "Koppal",
    "Mandya",
    "Mysuru",
    "Raichur",
    "Ramanagara",
    "Shimoga",
    "Shivamogga",
    "Tumakuru",
    "Udupi",
    "Uttara Kannada",
    "Vijayapura",
    "Yadgir","Others"
          ]
        },
        
        {
          "state": "Kerala",
          "cities": [
            "Alappuzha",
    "Ernakulam",
    "Idukki",
    "Kottayam",
    "Kozhikode",
    "Malappuram",
    "Palakkad",
    "Pathanamthitta",
    "Thiruvananthapuram",
    "Thrissur",
    "Wayanad",
    "Kannur",
    "Kasaragod",
    "Kollam",
    "Quilon",
    "Perumbavoor","Others"
          ]
        },
        
        {
          "state": "Madhya Pradesh",
          "cities": [
            "Alirajpur",
    "Anuppur",
    "Ashoknagar",
    "Balaghat",
    "Barwani",
    "Betul",
    "Bhopal",
    "Burhanpur",
    "Chhatarpur",
    "Chhindwara",
    "Dindori",
    "Guna",
    "Gwalior",
    "Harda",
    "Hoshangabad",
    "Indore",
    "Jabalpur",
    "Jhabua",
    "Katni",
    "Khandwa",
    "Khargone",
    "Mandla",
    "Mandsaur",
    "Morena",
    "Narsinghpur",
    "Neemuch",
    "Panna",
    "Raisen",
    "Rajgarh",
    "Ratlam",
    "Rewa",
    "Sagar",
    "Satna",
    "Sehore",
    "Seoni",
    "Shahdol",
    "Shajapur",
    "Sheopur",
    "Shimla",
    "Sidhi",
    "Singrauli",
    "Tikamgarh",
    "Ujjain",
    "Umaria",
    "Vidisha","Others"
          ]
        },
        
        {
          "state": "Maharashtra",
          "cities": [
            "Ahmednagar",
    "Akola",
    "Amravati",
    "Aurangabad",
    "Beed",
    "Bhandara",
    "Buldhana",
    "Chandrapur",
    "Dhule",
    "Gadchiroli",
    "Gondia",
    "Hingoli",
    "Jalgaon",
    "Jalna",
    "Kolhapur",
    "Latur",
    "Mumbai City",
    "Mumbai Suburban",
    "Nagpur",
    "Nanded",
    "Nandurbar",
    "Nashik",
    "Osmanabad",
    "Palghar",
    "Parbhani",
    "Pune",
    "Raigad",
    "Ratnagiri",
    "Sangli",
    "Satara",
    "Sindhudurg",
    "Solapur",
    "Thane",
    "Wardha",
    "Washim",
    "Yavatmal",
    "Others"
          ]
        },
        
        {
          "state": "Manipur",
          "cities": [
            "Bishnupur",
            "Chandel",
            "Churachandpur",
            "Imphal East",
            "Imphal West",
            "Jiribam",
            "Kakching",
            "Kamjong",
            "Kangpokpi",
            "Noney",
            "Pherzawl",
            "Senapati",
            "Tamenglong",
            "Thoubal",
            "Ukhrul","Others"
          ]
        },
        
        {
          "state": "Meghalaya",
          "cities": [
            "East Garo Hills",
    "East Khasi Hills",
    "Jaintia Hills",
    "North Garo Hills",
    "Ri-Bhoi",
    "South Garo Hills",
    "South Khasi Hills",
    "West Garo Hills",
    "West Khasi Hills",
    "Others"
          ]
        },
        
        {
          "state": "Mizoram",
          "cities": [
            "Aizawl",
            "Champhai",
            "Kolasib",
            "Lawngtlai",
            "Lunglei",
            "Mamit",
            "Serchhip",
            "Siaha",
            "Saitual",
            "Hnahthial",
            "Others"
          ]
        },
        
        {
          "state": "Nagaland",
          "cities": [
            "Dimapur",
            "Kohima",
            "Mokokchung",
            "Mon",
            "Peren",
            "Phek",
            "Tuensang",
            "Wokha",
            "Zunheboto",
            "Others"
          ]
        },
        
        {
          "state": "Odisha",
          "cities": [
            "Angul",
            "Bargarh",
            "Bhadrak",
            "Balangir",
            "Balasore",
            "Cuttack",
            "Deogarh",
            "Dhenkanal",
            "Gajapati",
            "Ganjam",
            "Jagatsinghpur",
            "Jajpur",
            "Jharsuguda",
            "Kalahandi",
            "Kandhamal",
            "Kendrapara",
            "Kendujhar",
            "Koraput",
            "Malkangiri",
            "Mayurbhanj",
            "Nabarangpur",
            "Nayagarh",
            "Nuapada",
            "Puri",
            "Rayagada",
            "Sambalpur",
            "Subarnapur",
            "Sundargarh",
            "Others"
          ]
        },
        {
          "state": "Punjab",
          "cities": [
              "Amritsar",
              "Ludhiana",
              "Jalandhar",
              "Patiala",
              "Bathinda",
              "Mohali (SAS Nagar)",
              "Hoshiarpur",
              "Pathankot",
              "Moga",
              "Phagwara",
              "Barnala",
              "Khanna",
              "Firozpur",
              "Kapurthala",
              "Muktsar",
              "Faridkot",
              "Gurdaspur",
              "Malerkotla",
              "Abohar",
              "Nawanshahr (Shaheed Bhagat Singh Nagar)",
              "Rajpura",
              "Zirakpur",
              "Batala",
              "Sirhind-Fatehgarh Sahib",
              "Tarn Taran",
              "Kotkapura",
              "Sangrur",
              "Rupnagar (Ropar)",
              "Gobindgarh (Mandi Gobindgarh)",
              "Sunam",
              "Others"
          ]
        },
        {
          "state": "Rajasthan",
          "cities": [
            "Ajmer",
            "Alwar",
            "Banswara",
            "Baran",
            "Barmer",
            "Bhilwara",
            "Bikaner",
            "Bundi",
            "Chittorgarh",
            "Churu",
            "Dausa",
            "Dholpur",
            "Dungarpur",
            "Hanumangarh",
            "Jaipur",
            "Jaisalmer",
            "Jalor",
            "Jhalawar",
            "Jhunjhunu",
            "Jodhpur",
            "Karauli",
            "Kota",
            "Nagaur",
            "Pali",
            "Pratapgarh",
            "Rajsamand",
            "Sawai Madhopur",
            "Sikar",
            "Sirohi",
            "Tonk",
            "Udaipur",
            "Others"
          ]
        },
        {
          "state": "Sikkim",
          "cities": [
            
            "East Sikkim",
            "West Sikkim",
            "North Sikkim",
            "South Sikkim"
          ]
        },
        {
          "state": "Tamil Nadu",
          "cities": [
           
           "Ariyalur",
    "Chengalpattu",
    "Chennai",
    "Coimbatore",
    "Cuddalore",
    "Dharmapuri",
    "Dindigul",
    "Erode",
    "Kanchipuram",
    "Kanyakumari",
    "Karur",
    "Krishnagiri",
    "Madurai",
    "Nagapattinam",
    "Namakkal",
    "Perambalur",
    "Pudukkottai",
    "Ramanathapuram",
    "Salem",
    "Sivaganga",
    "Tenkasi",
    "Thanjavur",
    "The Nilgiris",
    "Theni",
    "Tiruvallur",
    "Tirunelveli",
    "Tirupathur",
    "Tiruppur",
    "Tiruchirappalli",
    "Vellore",
    "Viluppuram",
    "Virudhunagar","Others"
          ]
        },
        {
          "state": "Telangana",
          "cities": [
                "Adilabad",
    "Bhadradri Kothagudem",
    "Hyderabad",
    "Jagtial",
    "Jangaon",
    "Jayashankar Bhupalapally",
    "Jogulamba Gadwal",
    "Kamareddy",
    "Karimnagar",
    "Khammam",
    "Komaram Bheem Asifabad",
    "Mahabubabad",
    "Mahabubnagar",
    "Mancherial",
    "Medak",
    "Medchal–Malkajgiri",
    "Mulugu",
    "Nalgonda",
    "Nirmal",
    "Nizamabad",
    "Peddapalli",
    "Rajanna Sircilla",
    "Rangareddy",
    "Sangareddy",
    "Siddipet",
    "Suryapet",
    "Vikarabad",
    "Warangal",
    "Warangal Urban",
    "Wanaparthy",
    "Yadadri Bhuvanagiri"
          ]
        },
        {
          "state": "Tripura",
          "cities": [
            "Dhalai",
            "Gomati",
            "Khowai",
            "North Tripura",
            "South Tripura",
            "Unakoti",
            "West Tripura",
            "Others"
          ]
        },
        {
          "state": "Uttar Pradesh",
          "cities": [
            "Agra",
            "Aligarh",
            "Ambedkar Nagar",
            "Amethi",
            "Amroha",
            "Auraiya",
            "Azamgarh",
            "Baghpat",
            "Bahraich",
            "Ballia",
            "Balrampur",
            "Banda",
            "Barabanki",
            "Bareilly",
            "Basti",
            "Bhadohi",
            "Bijnor",
            "Budaun",
            "Bulandshahr",
            "Chandauli",
            "Chitrakoot",
            "Deoria",
            "Etah",
            "Etawah",
            "Farrukhabad",
            "Fatehpur",
            "Firozabad",
            "Gautam Buddha Nagar",
            "Ghaziabad",
            "Gonda",
            "Gorakhpur",
            "Hapur",
            "Hardoi",
            "Hathras",
            "Jaunpur",
            "Jhansi",
            "Kannauj",
            "Kanpur Dehat",
            "Kanpur Nagar",
            "Kasganj",
            "Kaushambi",
            "Kushinagar",
            "Lakhimpur Kheri",
            "Lucknow",
            "Maharajganj",
            "Mahoba",
            "Mainpuri",
            "Mathura",
            "Mau",
            "Meerut",
            "Mirzapur",
            "Moradabad",
            "Muzaffarnagar",
            "Pilibhit",
            "Pratapgarh",
            "Raebareli",
            "Rampur",
            "Saharanpur",
            "Sant Kabir Nagar",
            "Shahjahanpur",
            "Shamli",
            "Shravasti",
            "Siddharthnagar",
            "Sitapur",
            "Sonbhadra",
            "Sultanpur",
            "Unnao",
            "Varanasi",
            "Others"
          ]
        },
        {
          "state": "Uttarakhand",
          "cities": [
           "Almora",
          "Bageshwar",
          "Chamoli",
          "Champawat",
          "Dehradun",
          "Haridwar",
          "Nainital",
          "Pauri Garhwal",
          "Pithoragarh",
          "Rudraprayag",
          "Tehri Garhwal",
          "Udham Singh Nagar",
          "Uttarkashi",
            "Others"
           
            
          ]
        },
        {
          "state": "West Bengal",
          "cities": [
                "Alipurduar",
                "Bankura",
                "Birbhum",
                "Cooch Behar",
                "Dakshin Dinajpur",
                "Darjeeling",
                "Hooghly",
                "Howrah",
                "Jalpaiguri",
                "Jhargram",
                "Kalimpong",
                "Kolkata",
                "Malda",
                "Murshidabad",
                "Nadia",
                "North 24 Parganas",
                "Paschim Bardhaman",
                "Paschim Medinipur",
                "Purba Bardhaman",
                "Purba Medinipur",
                "Purulia",
                "South 24 Parganas",
                "Uttar Dinajpur",
                "Others"
          ]
        }
      
    
]